0,0
0.01, 1.4653e-3
0.0234, 1.4682e-3
0.0368, 1.4711e-3
0.0501, 1.4741e-3
0.0635, 7.3292e-3
0.0769, 7.3322e-3
0.0903, 7.3351e-3
0.1036, 0.0132
0.117, 0.0132
0.1304, 0.019
0.1438, 0.0191
0.1571, 0.0191
0.1705, 0.0249
0.1839, 0.0308
0.1973, 0.0308
0.2106, 0.0366
0.224, 0.0366
0.2374, 0.0425
0.2508, 0.0425
0.2641, 0.0483
0.2775, 0.0483
0.2909, 0.0542
0.3043, 0.0542
0.3176, 0.0601
0.331, 0.0659
0.3444, 0.0659
0.3578, 0.0718
0.3711, 0.0718
0.3845, 0.0718
0.3979, 0.0835
0.4113, 0.0835
0.4245, 0.0835
0.438, 0.0952
0.4514, 0.1011
0.4647, 0.1011
0.4781, 0.1011
0.4915, 0.1069
0.5049, 0.1128
0.5183, 0.1245
0.5316, 0.1303
0.545, 0.1362
0.5584, 0.1362
0.5718, 0.142
0.5852, 0.1479
0.5985, 0.1596
0.6118, 0.1713
0.6253, 0.1772
0.6387, 0.183
0.6521, 0.1889
0.6654, 0.2006
0.6787, 0.2064
0.6922, 0.2123
0.7056, 0.224
0.7189, 0.2299
0.7323, 0.2474
0.7457, 0.2533
0.7591, 0.265
0.7725, 0.2767
0.7859, 0.2884
0.7993, 0.2943
0.8126, 0.306
0.826, 0.3176
0.8394, 0.3294
0.8528, 0.3411
0.8662, 0.3469
0.8796, 0.3586
0.8929, 0.3703
0.9062, 0.382
0.9197, 0.3938
0.9331, 0.3996
0.9465, 0.4113
0.9599, 0.423
0.9731, 0.4346
0.9866, 0.4464
1.0, 0.4582
1.0134, 0.464
1.0268, 0.4757
1.0402, 0.4874
1.0535, 0.499
1.0669, 0.5108
1.0803, 0.5167
1.0937, 0.5284
1.1071, 0.5401
1.1205, 0.5518
1.1338, 0.5577
1.1472, 0.5694
1.1606, 0.5811
1.174, 0.5869
1.1874, 0.5987
1.2006, 0.6104
1.2141, 0.6162
1.2275, 0.6279
1.2409, 0.6396
1.2543, 0.6455
1.2677, 0.6572
1.281, 0.663
1.2944, 0.6747
1.3078, 0.6865
1.3212, 0.6923
1.3346, 0.704
1.3479, 0.7099
1.3613, 0.7216
1.3747, 0.7274
1.3881, 0.7391
1.4015, 0.745
1.4148, 0.7509
1.4282, 0.7626
1.4416, 0.7684
1.455, 0.7743
1.4684, 0.7801
1.4817, 0.7917
1.495, 0.7976
1.5085, 0.8035
1.5219, 0.8153
1.5352, 0.8211
1.5486, 0.827
1.562, 0.8328
1.5754, 0.8445
1.5888, 0.8504
1.6021, 0.8561
1.6155, 0.862
1.6289, 0.8738
1.6423, 0.8797
1.6557, 0.8855
1.6691, 0.8914
1.6824, 0.8972
1.6958, 0.9089
1.7092, 0.9148
1.7226, 0.9205
1.7359, 0.9264
1.7492, 0.9324
1.7627, 0.9382
1.7761, 0.9441
1.7894, 0.9558
1.8028, 0.9616
1.8162, 0.9675
1.8296, 0.9733
1.843, 0.9792
1.8564, 0.9849
1.8697, 0.9909
1.8831, 0.9968
1.8965, 1.0026
1.9099, 1.0085
1.9232, 1.0143
1.9365, 1.0202
1.95, 1.026
1.9634, 1.0319
1.9768, 1.0377
1.9901, 1.0436
2.0035, 1.0495
2.0169, 1.0553
2.0303, 1.0612
2.0436, 1.067
2.057, 1.0729
2.0704, 1.0787
2.0838, 1.0846
2.0971, 1.0846
2.1105, 1.0846
2.1239, 1.0904
2.1373, 1.0963
2.1507, 1.1022
2.164, 1.1139
2.1774, 1.1197
2.1908, 1.1256
2.2042, 1.1314
2.2175, 1.1373
2.2309, 1.1373
2.2443, 1.1431
2.2577, 1.149
2.2711, 1.1549
2.2844, 1.1607
2.2978, 1.1666
2.3112, 1.1724
2.3246, 1.1724
2.3378, 1.1783
2.3513, 1.1841
2.3647, 1.19
2.378, 1.1958
2.3914, 1.2017
2.4048, 1.2017
2.4182, 1.2076
2.4316, 1.2134
2.4449, 1.2193
2.4583, 1.2251
2.4717, 1.2251
2.4851, 1.231
2.4985, 1.2368
2.5118, 1.2427
2.5252, 1.2427
2.5386, 1.2485
2.552, 1.2544
2.5653, 1.2603
2.5787, 1.2603
2.592, 1.2661
2.6055, 1.272
2.6188, 1.2778
2.6322, 1.2778
2.6456, 1.2837
2.659, 1.2894
2.6723, 1.2894
2.6857, 1.2953
2.6991, 1.3013
2.7125, 1.3013
2.7258, 1.3071
2.7391, 1.313
2.7526, 1.313
2.766, 1.3188
2.7793, 1.3247
2.7927, 1.3247
2.8061, 1.3305
2.8195, 1.3305
2.8328, 1.3364
2.8462, 1.3422
2.8596, 1.3481
2.873, 1.3481
2.8862, 1.354
2.8997, 1.354
2.9131, 1.3598
2.9264, 1.3657
2.9398, 1.3657
2.9532, 1.3715
2.9666, 1.3715
2.98, 1.3774
2.9933, 1.3832
3.0067, 1.3832
3.0201, 1.3891
3.0335, 1.3891
3.0468, 1.395
3.0602, 1.4008
3.0735, 1.4008
3.087, 1.4067
3.1003, 1.4067
3.1137, 1.4125
3.1271, 1.4125
3.1405, 1.4125
3.1539, 1.4242
3.1672, 1.4243
3.1806, 1.4301
3.194, 1.4301
3.2073, 1.436
3.2207, 1.436
3.2341, 1.4418
3.2475, 1.4477
3.2608, 1.4477
3.2742, 1.4535
3.2876, 1.4535
3.301, 1.4535
3.3144, 1.4652
3.3277, 1.4711
3.3411, 1.4711
3.3545, 1.4769
3.3679, 1.4828
3.3812, 1.4887
3.3946, 1.4887
3.408, 1.4945
3.4214, 1.4945
3.4346, 1.5004
3.4481, 1.5062
3.4615, 1.5062
3.4748, 1.5121
3.4882, 1.5121
3.5016, 1.518
3.515, 1.518
3.5284, 1.5238
3.5417, 1.5238
3.5551, 1.5297
3.5685, 1.5297
3.5819, 1.5354
3.5952, 1.5354
3.6086, 1.5413
3.6219, 1.5413
3.6354, 1.5472
3.6487, 1.5473
3.6621, 1.5531
3.6755, 1.5531
3.6888, 1.559
3.7022, 1.559
3.7156, 1.5648
3.729, 1.5648
3.7423, 1.5648
3.7557, 1.5707
3.7691, 1.5707
3.7825, 1.5765
3.7957, 1.5765
3.8092, 1.5765
3.8226, 1.5824
3.8359, 1.5824
3.8493, 1.5883
3.8627, 1.5883
3.8761, 1.5883
3.8895, 1.5941
3.9028, 1.5941
3.9162, 1.6
3.9296, 1.6
3.9428, 1.6
3.9563, 1.6058
3.9697, 1.6058
3.983, 1.6058
3.9964, 1.6117
4.0098, 1.6117
4.0232, 1.6117
4.0366, 1.6176
4.0499, 1.6176
4.0633, 1.6176
4.0767, 1.6234
4.0901, 1.6234
4.1034, 1.6234
4.1168, 1.6293
4.1302, 1.6293
4.1436, 1.6293
4.1569, 1.6351
4.1703, 1.6352
4.1837, 1.6352
4.197, 1.641
4.2104, 1.641
4.2238, 1.641
4.2372, 1.6469
4.2505, 1.6469
4.2639, 1.6469
4.2772, 1.6526
4.2907, 1.6526
4.304, 1.6585
4.3174, 1.6585
4.3308, 1.6585
4.3442, 1.6644
4.3575, 1.6644
4.3709, 1.6644
4.3843, 1.6703
4.3976, 1.6703
4.411, 1.6762
4.4243, 1.6762
4.4378, 1.6762
4.4511, 1.682
4.4645, 1.682
4.4779, 1.6879
4.4913, 1.6879
4.5046, 1.6879
4.518, 1.6937
4.5314, 1.6938
4.5448, 1.6996
4.5581, 1.6996
4.5715, 1.7055
4.5849, 1.7055
4.5983, 1.7113
4.6116, 1.7113
4.625, 1.7113
4.6383, 1.7172
4.6518, 1.7229
4.6651, 1.7229
4.6785, 1.7288
4.6919, 1.7288
4.7053, 1.7348
4.7186, 1.7348
4.732, 1.7406
4.7454, 1.7406
4.7588, 1.7465
4.7721, 1.7465
4.7854, 1.7465
4.7989, 1.7582
4.8123, 1.7582
4.8256, 1.7582
4.839, 1.7699
4.8524, 1.7699
4.8658, 1.7758
4.8791, 1.7816
4.8925, 1.7875
4.9059, 1.7875
4.9193, 1.7933
4.9325, 1.7992
4.946, 1.805
4.9594, 1.805
4.9727, 1.8109
4.9861, 1.8109
4.9995, 1.8168
5.0129, 1.8168
5.0263, 1.8226
5.0396, 1.8226
5.053, 1.8285
5.0664, 1.8285
5.0798, 1.8343
5.0931, 1.8343
5.1065, 1.8401
5.1199, 1.846
5.1333, 1.846
5.1466, 1.8519
5.16, 1.8519
5.1734, 1.8578
5.1868, 1.8636
5.2001, 1.8636
5.2135, 1.8636
5.2269, 1.8753
5.2403, 1.8753
5.2536, 1.8753
5.267, 1.887
5.2804, 1.8929
5.2938, 1.8929
5.3071, 1.8988
5.3205, 1.9045
5.3338, 1.9104
5.3473, 1.9163
5.3607, 1.9163
5.374, 1.9222
5.3874, 1.928
5.4008, 1.928
5.4141, 1.928
5.4275, 1.9339
5.4409, 1.9397
5.4543, 1.9515
5.4677, 1.9573
5.4809, 1.9573
5.4944, 1.9573
5.5078, 1.9632
5.5211, 1.9689
5.5345, 1.9807
5.5479, 1.9866
5.5613, 1.9924
5.5747, 1.9924
5.588, 1.9983
5.6014, 2.0042
5.6148, 2.01
5.6282, 2.0159
5.6416, 2.0217
5.6549, 2.0217
5.6683, 2.0276
5.6817, 2.0334
5.6951, 2.0393
5.7084, 2.0451
5.7218, 2.0451
5.7351, 2.051
5.7486, 2.0569
5.762, 2.0627
5.7753, 2.0686
5.7887, 2.0686
5.8021, 2.0744
5.8155, 2.0803
5.8288, 2.0861
5.8422, 2.0861
5.8556, 2.092
5.869, 2.0977
5.8822, 2.1037
5.8957, 2.1037
5.9091, 2.1037
5.9224, 2.1096
5.9358, 2.1154
5.9492, 2.1271
5.9626, 2.133
5.976, 2.1388
5.9893, 2.1388
6.0027, 2.1388
6.0161, 2.1447
6.0295, 2.1506
6.0429, 2.1623
6.0562, 2.1681
6.0695, 2.174
6.083, 2.174
6.0964, 2.174
6.1097, 2.1798
6.1231, 2.1857
6.1365, 2.1974
6.1499, 2.2033
6.1633, 2.2091
6.1766, 2.215
6.19, 2.2208
6.2034, 2.2208
6.2168, 2.2267
6.2301, 2.2325
6.2435, 2.2384
6.2569, 2.2442
6.2703, 2.2501
6.2836, 2.256
6.297, 2.2618
6.3104, 2.2677
6.3237, 2.2735
6.3371, 2.2735
6.3505, 2.2735
6.3639, 2.2793
6.3773, 2.2852
6.3907, 2.2911
6.404, 2.3028
6.4174, 2.3087
6.4308, 2.3145
6.4442, 2.3204
6.4575, 2.3262
6.4708, 2.3262
6.4843, 2.3321
6.4977, 2.3378
6.511, 2.3437
6.5244, 2.3496
6.5377, 2.3555
6.5512, 2.3613
6.5646, 2.3672
6.5779, 2.3731
6.5913, 2.3731
6.6047, 2.3789
6.6181, 2.3848
6.6314, 2.3906
6.6448, 2.3965
6.6582, 2.4022
6.6716, 2.4082
6.685, 2.414
6.6983, 2.4199
6.7117, 2.4258
6.725, 2.4316
6.7385, 2.4375
6.7518, 2.4433
6.7652, 2.4492
6.7786, 2.455
6.792, 2.4667
6.8054, 2.4726
6.8187, 2.4785
6.8321, 2.4843
6.8455, 2.4902
6.8589, 2.5019
6.8723, 2.5077
6.8856, 2.5135
6.899, 2.5253
6.9123, 2.5311
6.9258, 2.537
6.9392, 2.5487
6.9525, 2.5546
6.9659, 2.5604
6.9792, 2.5721
6.9927, 2.5897
7.0061, 2.5897
7.0194, 2.5955
7.0328, 2.6014
7.0462, 2.6073
7.0596, 2.6131
7.073, 2.6248
7.0863, 2.6307
7.0997, 2.6364
7.1131, 2.6482
7.1265, 2.6541
7.1399, 2.6599
7.1532, 2.6658
7.1666, 2.6775
7.18, 2.6834
7.1934, 2.6892
7.2068, 2.7008
7.2201, 2.7067
7.2335, 2.7126
7.2469, 2.7185
7.2603, 2.7302
7.2736, 2.7361
7.287, 2.7419
7.3004, 2.7536
7.3138, 2.7595
7.3272, 2.7652
7.3405, 2.7711
7.3538, 2.7829
7.3673, 2.8004
7.3807, 2.8004
7.3941, 2.8063
7.4074, 2.8122
7.4208, 2.818
7.4342, 2.8239
7.4476, 2.8356
7.461, 2.8414
7.4743, 2.8473
7.4877, 2.859
7.5011, 2.8649
7.5145, 2.8766
7.5279, 2.8824
7.5412, 2.8883
7.5546, 2.8941
7.568, 2.9058
7.5814, 2.9117
7.5948, 2.9175
7.608, 2.9292
7.6215, 2.9351
7.6349, 2.9409
7.6482, 2.9468
7.6617, 2.9585
7.675, 2.9644
7.6884, 2.9702
7.7018, 2.9761
7.7151, 2.9878
7.7286, 2.9936
7.7419, 2.9995
7.7553, 3.0171
7.7687, 3.0171
7.7821, 3.0229
7.7955, 3.0288
7.8088, 3.0346
7.8222, 3.0405
7.8356, 3.0463
7.849, 3.0522
7.8622, 3.0581
7.8757, 3.0639
7.8891, 3.0698
7.9024, 3.0815
7.9159, 3.0873
7.9292, 3.0932
7.9426, 3.099
7.956, 3.1049
7.9694, 3.1107
7.9827, 3.1166
7.9961, 3.1283
8.0095, 3.1342
8.0229, 3.14
8.0363, 3.1459
8.0496, 3.1517
8.063, 3.1634
8.0764, 3.1693
8.0898, 3.1751
8.1032, 3.181
8.1165, 3.1869
8.1299, 3.1985
8.1433, 3.2044
8.1567, 3.2103
8.1701, 3.222
8.1834, 3.2278
8.1968, 3.2337
8.2102, 3.2454
8.2236, 3.257
8.237, 3.263
8.2503, 3.2747
8.2637, 3.2805
8.2771, 3.2922
8.2905, 3.2981
8.3039, 3.3098
8.3173, 3.3215
8.3306, 3.3332
8.3439, 3.3391
8.3574, 3.3508
8.3708, 3.3625
8.3841, 3.3742
8.3976, 3.3917
8.4109, 3.3976
8.4243, 3.4093
8.4377, 3.421
8.4511, 3.4327
8.4645, 3.4386
8.4779, 3.4503
8.4912, 3.462
8.5046, 3.4737
8.518, 3.4854
8.5314, 3.4913
8.5448, 3.503
8.5582, 3.5147
8.5715, 3.5264
8.5849, 3.5381
8.5983, 3.5497
8.6117, 3.5556
8.6251, 3.5674
8.6385, 3.5791
8.6518, 3.5908
8.6652, 3.6025
8.6785, 3.6141
8.692, 3.6259
8.7054, 3.6376
8.7187, 3.6493
8.7321, 3.6552
8.7455, 3.6669
8.7589, 3.6785
8.7723, 3.6903
8.7856, 3.702
8.7991, 3.7137
8.8124, 3.7254
8.8258, 3.737
8.8392, 3.7429
8.8526, 3.7547
8.866, 3.7664
8.8794, 3.7781
8.8927, 3.7898
8.9061, 3.7957
8.9195, 3.8074
8.9329, 3.8191
8.9463, 3.8308
8.9596, 3.8366
8.9729, 3.8483
8.9864, 3.8601
8.9998, 3.8718
9.0132, 3.8776
9.0266, 3.8893
9.0399, 3.901
9.0533, 3.9127
9.0667, 3.9186
9.0801, 3.9303
9.0935, 3.9362
9.1069, 3.9479
9.1202, 3.9596
9.1336, 3.9654
9.147, 3.9771
9.1604, 3.983
9.1738, 3.9947
9.1871, 4.0006
9.2005, 4.0123
9.2139, 4.0181
9.2273, 4.024
9.2407, 4.0298
9.254, 4.0415
9.2674, 4.0532
9.2808, 4.0591
9.2942, 4.0708
9.3075, 4.0767
9.321, 4.0884
9.3343, 4.0942
9.3477, 4.1059
9.3611, 4.1118
9.3745, 4.1235
9.3879, 4.1293
9.4012, 4.1411
9.4146, 4.1469
9.428, 4.1586
9.4414, 4.1645
9.4548, 4.1762
9.4681, 4.182
9.4815, 4.1937
9.4949, 4.1996
9.5083, 4.2113
9.5217, 4.2172
9.535, 4.2288
9.5484, 4.2347
9.5617, 4.2464
9.5752, 4.2523
9.5886, 4.264
9.6019, 4.2698
9.6153, 4.2816
9.6287, 4.2873
9.6421, 4.2991
9.6555, 4.305
9.6689, 4.3167
9.6822, 4.3225
9.6956, 4.3342
9.709, 4.3401
9.7224, 4.3518
9.7358, 4.3577
9.749, 4.3635
9.7625, 4.3811
9.7759, 4.3869
9.7893, 4.3986
9.8027, 4.4045
9.8161, 4.4162
9.8294, 4.4279
9.8428, 4.4338
9.8561, 4.4455
9.8696, 4.4513
9.883, 4.463
9.8963, 4.4747
9.9097, 4.4806
9.9231, 4.4923
9.9365, 4.4982
9.9499, 4.5099
9.9633, 4.5215
9.9766, 4.5274
9.99, 4.5391
10.0034, 4.5508
10.0168, 4.5567
10.0302, 4.5684
10.0435, 4.58
10.0569, 4.5859
10.0703, 4.5977
10.0836, 4.6094
10.0971, 4.6152
10.1105, 4.6269
10.1238, 4.6387
10.1372, 4.6444
10.1506, 4.6562
10.164, 4.6679
10.1774, 4.6796
10.1907, 4.6855
10.2041, 4.6972
10.2175, 4.7088
10.2309, 4.7147
10.2443, 4.7265
10.2577, 4.7382
10.271, 4.744
10.2844, 4.7557
10.2978, 4.7673
10.3112, 4.7732
10.3246, 4.785
10.3378, 4.7909
10.3513, 4.8026
10.3647, 4.8143
10.378, 4.8201
10.3915, 4.8317
10.4049, 4.8377
10.4182, 4.8494
10.4316, 4.8553
10.445, 4.867
10.4584, 4.8728
10.4718, 4.8845
10.4851, 4.8904
10.4985, 4.9021
10.5119, 4.9079
10.5253, 4.9196
10.5387, 4.9255
10.552, 4.9372
10.5654, 4.9431
10.5788, 4.9489
10.5922, 4.9548
10.6056, 4.9665
10.6189, 4.9723
10.6322, 4.984
10.6457, 4.9958
10.6591, 5.0016
10.6724, 5.0075
10.6858, 5.0133
10.6992, 5.025
10.7126, 5.0367
10.726, 5.0426
10.7393, 5.0484
10.7527, 5.0543
10.7661, 5.066
10.7795, 5.0719
10.7929, 5.0777
10.8063, 5.0894
10.8197, 5.1011
10.833, 5.107
10.8464, 5.1128
10.8598, 5.1245
10.8732, 5.1304
10.8866, 5.1363
10.8999, 5.1421
10.9133, 5.1538
10.9266, 5.1597
10.9401, 5.1655
10.9535, 5.1772
10.9668, 5.1831
10.9802, 5.1889
10.9936, 5.2006
11.007, 5.2065
11.0203, 5.2124
11.0337, 5.2241
11.0471, 5.2299
11.0605, 5.2358
11.0739, 5.2475
11.0873, 5.2533
11.1006, 5.2591
11.114, 5.2709
11.1274, 5.2768
11.1408, 5.2826
11.1542, 5.2943
11.1675, 5.3002
11.1809, 5.306
11.1943, 5.3176
11.2077, 5.3235
11.221, 5.3295
11.2344, 5.3412
11.2478, 5.347
11.2612, 5.3529
11.2746, 5.3587
11.2879, 5.3704
11.3013, 5.3763
11.3147, 5.382
11.3281, 5.3939
11.3415, 5.3997
11.3548, 5.4056
11.3682, 5.4173
11.3816, 5.4231
11.395, 5.429
11.4083, 5.4348
11.4217, 5.4465
11.4351, 5.4524
11.4485, 5.4583
11.4619, 5.47
11.4753, 5.4758
11.4886, 5.4817
11.502, 5.4934
11.5154, 5.4992
11.5288, 5.5051
11.5422, 5.5109
11.5554, 5.5227
11.5689, 5.5285
11.5823, 5.5344
11.5957, 5.5461
11.6091, 5.5518
11.6223, 5.5577
11.6358, 5.5695
11.6492, 5.5753
11.6625, 5.5812
11.676, 5.5929
11.6893, 5.5988
11.7027, 5.6046
11.7161, 5.6105
11.7295, 5.6221
11.7429, 5.628
11.7562, 5.6339
11.7696, 5.6456
11.783, 5.6515
11.7964, 5.6573
11.8098, 5.669
11.8231, 5.6749
11.8365, 5.6806
11.8498, 5.6924
11.8633, 5.71
11.8767, 5.71
11.89, 5.7159
11.9034, 5.7217
11.9167, 5.7276
11.9302, 5.7334
11.9436, 5.745
11.9569, 5.751
11.9703, 5.7568
11.9837, 5.7685
11.9971, 5.7744
12.0105, 5.7803
12.0238, 5.792
12.0372, 5.8037
12.0506, 5.8094
12.064, 5.8212
12.0774, 5.8271
12.0907, 5.8329
12.1041, 5.8388
12.1175, 5.8505
12.1309, 5.8622
12.1443, 5.8681
12.1576, 5.8739
12.171, 5.8798
12.1844, 5.8915
12.1978, 5.9032
12.2112, 5.909
12.2245, 5.9149
12.2379, 5.9207
12.2513, 5.9266
12.2647, 5.9383
12.2781, 5.9442
12.2913, 5.9617
12.3048, 5.9617
12.3182, 5.9676
12.3316, 5.9734
12.345, 5.9792
12.3583, 5.9851
12.3717, 5.991
12.3851, 5.9969
12.3985, 6.0144
12.4119, 6.0203
12.4252, 6.0261
12.4386, 6.0261
12.452, 6.032
12.4654, 6.0378
12.4787, 6.0379
12.4921, 6.0437
12.5055, 6.0496
12.5189, 6.0496
12.5322, 6.0554
12.5455, 6.0613
12.559, 6.0613
12.5724, 6.0671
12.5857, 6.0671
12.5991, 6.073
12.6125, 6.0788
12.6259, 6.0847
12.6392, 6.0906
12.6526, 6.0906
12.666, 6.0964
12.6794, 6.0964
12.6926, 6.1023
12.7061, 6.1023
12.7195, 6.1081
12.7328, 6.114
12.7462, 6.114
12.7596, 6.1198
12.773, 6.1198
12.7864, 6.1257
12.7997, 6.1257
12.8131, 6.1316
12.8265, 6.1316
12.8399, 6.1374
12.8532, 6.1374
12.8666, 6.1433
12.88, 6.1433
12.8934, 6.1491
12.9066, 6.155
12.9201, 6.155
12.9335, 6.1608
12.9468, 6.1609
12.9602, 6.1667
12.9736, 6.1667
12.987, 6.1726
13.0004, 6.1726
13.0137, 6.1784
13.0271, 6.1784
13.0405, 6.1784
13.0539, 6.1843
13.0672, 6.1843
13.0806, 6.1901
13.094, 6.1901
13.1073, 6.1901
13.1207, 6.196
13.1341, 6.196
13.1475, 6.196
13.1608, 6.196
13.1742, 6.196
13.1876, 6.2019
13.201, 6.2019
13.2143, 6.2019
13.2277, 6.2019
13.2411, 6.2019
13.2544, 6.2019
13.2678, 6.2019
13.2812, 6.2019
13.2946, 6.2019
13.3079, 6.2019
13.3213, 6.2019
13.3347, 6.1961
13.3479, 6.1961
13.3614, 6.1902
13.3748, 6.1902
13.3881, 6.1844
13.4015, 6.1785
13.4149, 6.1785
13.4282, 6.1727
13.4416, 6.1668
13.455, 6.161
13.4683, 6.1551
13.4817, 6.1493
13.495, 6.1434
13.5084, 6.1376
13.5218, 6.1259
13.5351, 6.12
13.5485, 6.1083
13.5619, 6.1025
13.5752, 6.0908
13.5886, 6.0791
13.6019, 6.0732
13.6153, 6.0615
13.6287, 6.0498
13.642, 6.0381
13.6554, 6.0323
13.6688, 6.0323
13.6821, 6.0264
13.6955, 6.0264
13.7088, 6.0264
13.7222, 6.0206
13.7356, 6.0206
13.749, 6.0206
13.7623, 6.0206
13.7757, 6.0206
13.7891, 6.0147
13.8025, 6.0147
13.8157, 6.003
13.8292, 5.9971
13.8425, 5.9855
13.8559, 5.9796
13.8693, 5.9679
13.8826, 5.9621
13.896, 5.9504
13.9093, 5.9445
13.9226, 5.9327
13.9361, 5.9211
13.9494, 5.9153
13.9628, 5.9036
13.9761, 5.8919
13.9895, 5.8801
14.0029, 5.8742
14.0162, 5.8626
14.0296, 5.8509
14.0429, 5.8392
14.0563, 5.8334
14.0697, 5.8216
14.083, 5.81
14.0964, 5.7983
14.1097, 5.7924
14.1231, 5.7807
14.1365, 5.7749
14.1498, 5.769
14.1632, 5.7572
14.1766, 5.7515
14.1899, 5.7456
14.2033, 5.7398
14.2167, 5.7339
14.23, 5.7281
14.2434, 5.7222
14.2568, 5.7281
14.2701, 5.7398
14.2835, 5.7456
14.2969, 5.7572
14.3103, 5.7691
14.3237, 5.7749
14.3371, 5.7866
14.3504, 5.7983
14.3638, 5.81
14.3772, 5.8159
14.3906, 5.8276
14.404, 5.8452
14.4174, 5.8627
14.4308, 5.8803
14.4441, 5.8978
14.4575, 5.9154
14.4708, 5.9329
14.4843, 5.9505
14.4977, 5.9681
14.511, 5.9856
14.5245, 6.0032
14.5379, 6.0207
14.5513, 6.0325
14.5647, 6.05
14.5779, 6.0617
14.5914, 6.0734
14.6048, 6.0851
14.6181, 6.0968
14.6316, 6.1027
14.6449, 6.1086
14.6583, 6.1144
14.6717, 6.1261
14.6851, 6.132
14.6984, 6.1203
14.7118, 6.1086
14.7252, 6.1027
14.7385, 6.0852
14.7519, 6.0735
14.7652, 6.0559
14.7786, 6.0442
14.792, 6.0384
14.8053, 6.0208
14.8187, 6.0091
14.8319, 5.9916
14.8454, 5.9857
14.8587, 5.9038
14.8719, 5.8218
14.8852, 5.7341
14.8984, 5.6521
14.9118, 5.5702
14.9251, 5.4883
14.9383, 5.4064
14.9516, 5.3244
14.9649, 5.2425
14.9782, 5.1606
14.9915, 5.0845
15.0048, 5.026
15.0181, 4.9733
15.0314, 4.9205
15.0447, 4.8679
15.058, 4.8153
15.0713, 4.7568
15.0846, 4.7041
15.0979, 4.6514
15.1113, 4.5988
15.1246, 4.5403
15.1379, 4.4876
15.1512, 4.4057
15.1644, 4.312
15.1777, 4.2184
15.191, 4.1306
15.2042, 4.037
15.2175, 3.9434
15.2308, 3.8497
15.244, 3.7561
15.2572, 3.6625
15.2706, 3.5747
15.2838, 3.4809
15.2971, 3.3991
15.3104, 3.3406
15.3237, 3.2821
15.337, 3.2236
15.3503, 3.165
15.3637, 3.1124
15.377, 3.0539
15.3902, 2.9952
15.4036, 2.9367
15.4169, 2.8782
15.4302, 2.8197
15.4435, 2.7788
15.4567, 2.7496
15.4702, 2.7203
15.4835, 2.6852
15.4969, 2.6559
15.5102, 2.6267
15.5234, 2.5974
15.5369, 2.5623
15.5502, 2.533
15.5635, 2.5038
15.5769, 2.4745
15.5901, 2.4511
15.6036, 2.4219
15.6169, 2.3926
15.6303, 2.3692
15.6436, 2.3399
15.6569, 2.3165
15.6703, 2.2931
15.6836, 2.2697
15.697, 2.2463
15.7103, 2.2229
15.7237, 2.2054
15.737, 2.1819
15.7504, 2.1644
15.7637, 2.141
15.7771, 2.1234
15.7904, 2.1059
15.8037, 2.0883
15.8171, 2.0708
15.8305, 2.0532
15.8437, 2.0357
15.8572, 2.0181
15.8705, 2.0006
15.8839, 1.9889
15.8972, 1.9713
15.9106, 1.9537
15.9239, 1.942
15.9373, 1.9245
15.9506, 1.9127
15.964, 1.8952
15.9774, 1.8835
15.9907, 1.8718
16.0041, 1.8601
16.0174, 1.8484
16.0308, 1.8367
16.0442, 1.825
16.0575, 1.8133
16.0709, 1.8016
16.0842, 1.7899
16.0976, 1.7782
16.1109, 1.7665
16.1243, 1.7607
16.1377, 1.749
16.151, 1.7372
16.1644, 1.7314
16.1777, 1.7197
16.1911, 1.708
16.2045, 1.7022
16.2178, 1.6905
16.2312, 1.6846
16.2446, 1.6729
16.2579, 1.6671
16.2713, 1.6554
16.2846, 1.6495
16.298, 1.6378
16.3114, 1.632
16.3247, 1.6261
16.3381, 1.6143
16.3514, 1.6086
16.3648, 1.6027
16.3782, 1.5969
16.3915, 1.591
16.4049, 1.5852
16.4183, 1.5793
16.4316, 1.5735
16.445, 1.5676
16.4584, 1.5617
16.4717, 1.5558
16.4851, 1.5501
16.4985, 1.5442
16.5118, 1.5384
16.5252, 1.5325
16.5386, 1.5325
16.5518, 1.5267
16.5653, 1.5208
16.5787, 1.5208
16.592, 1.515
16.6054, 1.5091
16.6188, 1.5032
16.632, 1.4974
16.6455, 1.4974
16.6589, 1.4916
16.6722, 1.4857
16.6856, 1.4799
16.6989, 1.4799
16.7123, 1.474
16.7257, 1.4682
16.7391, 1.4623
16.7524, 1.4565
16.7658, 1.4565
16.7792, 1.4506
16.7925, 1.4447
16.8058, 1.4389
16.8193, 1.439
16.8326, 1.4331
16.846, 1.4273
16.8594, 1.4273
16.8727, 1.4214
16.886, 1.4156
16.8995, 1.4156
16.9127, 1.4097
16.9262, 1.4039
16.9395, 1.398
16.9529, 1.398
16.9663, 1.3921
16.9796, 1.3862
16.9929, 1.3862
17.0064, 1.3805
17.0197, 1.3746
17.0331, 1.3746
17.0465, 1.3688
17.0599, 1.3629
17.0732, 1.3629
17.0866, 1.3571
17.1, 1.3571
17.1133, 1.3571
17.1267, 1.3571
17.1401, 1.3512
17.1534, 1.3512
17.1668, 1.3512
17.1802, 1.3512
17.1935, 1.3454
17.2069, 1.3454
17.2203, 1.3454
17.2337, 1.3454
17.2469, 1.3454
17.2604, 1.3454
17.2738, 1.3454
17.2871, 1.3454
17.3005, 1.3454
17.3139, 1.3454
17.3273, 1.3513
17.3406, 1.3513
17.354, 1.3513
17.3674, 1.3513
17.3808, 1.3571
17.3941, 1.3571
17.4075, 1.363
17.4209, 1.3689
17.4343, 1.3747
17.4476, 1.3806
17.461, 1.3864
17.4744, 1.3923
17.4878, 1.3981
17.5011, 1.3981
17.5145, 1.404
17.5279, 1.4098
17.5413, 1.4216
17.5547, 1.4333
17.568, 1.4391
17.5814, 1.4508
17.5948, 1.4567
17.6082, 1.4625
17.6216, 1.4742
17.6349, 1.4801
17.6482, 1.4918
17.6617, 1.4977
17.6751, 1.5093
17.6885, 1.5152
17.7019, 1.5269
17.7151, 1.5386
17.7286, 1.5445
17.742, 1.5562
17.7553, 1.5678
17.7688, 1.5796
17.7822, 1.5972
17.7955, 1.6089
17.8089, 1.6263
17.8223, 1.6381
17.8357, 1.6616
17.8491, 1.6791
17.8625, 1.7025
17.8759, 1.7318
17.8893, 1.7551
17.9026, 1.7845
17.9161, 1.8136
17.9295, 1.843
17.9428, 1.8664
17.9563, 1.8898
17.9697, 1.9074
17.983, 1.9308
17.9965, 1.9484
18.0099, 1.9659
18.0233, 1.9835
18.0367, 2.001
18.05, 2.0127
18.0634, 2.0303
18.0768, 2.042
18.0902, 2.0537
18.1036, 2.0596
18.117, 2.0713
18.1303, 2.0771
18.1437, 2.083
18.1571, 2.1123
18.1705, 2.1123
18.1838, 2.083
18.1705, 2.083
18.1571, 2.0771
18.1705, 2.0771
18.1838, 2.0713
18.1972, 2.0654
18.2105, 2.0479
18.2239, 2.042
18.2373, 2.0303
18.2506, 2.0186
18.264, 2.0069
18.2772, 2.0011
18.2907, 1.9893
18.3041, 1.9718
18.3174, 1.9484
18.3307, 1.9308
18.3441, 1.9133
18.3574, 1.8899
18.3708, 1.8723
18.3841, 1.8548
18.3975, 1.8314
18.4108, 1.8138
18.4242, 1.7963
18.4375, 1.7729
18.4509, 1.7553
18.4642, 1.7319
18.4776, 1.7144
18.4909, 1.6968
18.5043, 1.6734
18.5175, 1.6559
18.531, 1.6383
18.5443, 1.6149
18.5577, 1.5973
18.571, 1.5739
18.5844, 1.5564
18.5977, 1.533
18.6111, 1.5096
18.6244, 1.4862
18.6378, 1.4628
18.6511, 1.4394
18.6644, 1.4159
18.6778, 1.3925
18.6911, 1.3691
18.7045, 1.3457
18.7178, 1.3223
18.7311, 1.2989
18.7445, 1.2814
18.7579, 1.2638
18.7711, 1.2521
18.7846, 1.2404
18.798, 1.2287
18.8113, 1.2112
18.8247, 1.1994
18.838, 1.1877
18.8514, 1.176
18.8647, 1.1643
18.878, 1.1526
18.8915, 1.1351
18.9048, 1.1234
18.9182, 1.1117
18.9315, 1.1
18.9449, 1.0883
18.9582, 1.0766
18.9716, 1.0649
18.9849, 1.0532
18.9983, 1.0415
19.0117, 1.0298
19.025, 1.0181
19.0384, 1.0064
19.0518, 0.9947
19.0651, 0.9888
19.0785, 0.9771
19.0918, 0.9654
19.1052, 0.9537
19.1185, 0.942
19.1319, 0.9303
19.1453, 0.9186
19.1586, 0.9127
19.172, 0.9011
19.1853, 0.8894
19.1987, 0.8777
19.2121, 0.8718
19.2254, 0.8601
19.2388, 0.8484
19.2521, 0.8367
19.2655, 0.8309
19.2789, 0.8192
19.2922, 0.8133
19.3056, 0.8016
19.319, 0.7957
19.3323, 0.7841
19.3457, 0.7782
19.359, 0.7665
19.3724, 0.7607
19.3858, 0.749
19.3991, 0.7431
19.4125, 0.7314
19.4258, 0.7256
19.4392, 0.7197
19.4526, 0.708
19.4659, 0.7022
19.4793, 0.6963
19.4927, 0.6846
19.506, 0.6787
19.5194, 0.6729
19.5327, 0.6612
19.5461, 0.6554
19.5594, 0.6495
19.5728, 0.6437
19.5862, 0.632
19.5996, 0.6261
19.6129, 0.6202
19.6263, 0.6143
19.6397, 0.6086
19.653, 0.6027
19.6663, 0.6027
19.6798, 0.6027
19.6931, 0.6027
19.7065, 0.6027
19.7199, 0.6027
19.7332, 0.6027
19.7466, 0.6027
19.76, 0.5969
19.7734, 0.5969
19.7867, 0.5969
19.8001, 0.591
19.8135, 0.591
19.8268, 0.591
19.8401, 0.5852
19.8536, 0.5852
19.8669, 0.5793
19.8803, 0.5793
19.8937, 0.5793
19.907, 0.5735
19.9203, 0.5735
19.9338, 0.5735
19.9471, 0.5676
19.9605, 0.5676
19.9739, 0.5676
19.9872, 0.5617
20.0006, 0.5617
20.014, 0.556
20.0274, 0.556
20.0407, 0.556
20.0541, 0.5501
20.0675, 0.5501
20.0808, 0.5501
20.0942, 0.5443
20.1076, 0.5443
20.1209, 0.5443
20.1343, 0.5384
20.1477, 0.5384
20.1611, 0.5384
20.1743, 0.5326
20.1878, 0.5326
20.2012, 0.5326
20.2145, 0.5267
20.2279, 0.5268
20.2413, 0.5268
20.2546, 0.5268
20.268, 0.5209
20.2814, 0.5209
20.2947, 0.5209
20.3081, 0.5209
20.3215, 0.5151
20.3349, 0.5151
20.3482, 0.5151
20.3616, 0.5151
20.375, 0.5151
20.3883, 0.5091
20.4017, 0.5091
20.4151, 0.5091
20.4284, 0.5091
20.4418, 0.5091
20.4552, 0.5091
20.4686, 0.5034
20.4819, 0.5034
20.4953, 0.5034
20.5087, 0.5034
20.522, 0.5034
20.5354, 0.5034
20.5488, 0.4976
20.5621, 0.4976
20.5755, 0.4976
20.5889, 0.4976
20.6023, 0.4917
20.6156, 0.4917
20.629, 0.4917
20.6423, 0.4917
20.6557, 0.4859
20.6691, 0.4859
20.6825, 0.4859
20.6958, 0.4859
20.7092, 0.48
20.7226, 0.48
20.736, 0.48
20.7492, 0.48
20.7627, 0.4742
20.7761, 0.4742
20.7894, 0.4742
20.8028, 0.4742
20.8162, 0.4684
20.8295, 0.4684
20.8429, 0.4684
20.8563, 0.4684
20.8697, 0.4684
20.883, 0.4625
20.8963, 0.4625
20.9098, 0.4625
20.9231, 0.4625
20.9365, 0.4625
20.9499, 0.4567
20.9632, 0.4567
20.9766, 0.4567
20.99, 0.4567
21.0034, 0.4567
21.0167, 0.4567
21.0301, 0.4567
21.0435, 0.4567
21.0568, 0.4567
21.0702, 0.4567
21.0836, 0.4567
21.0969, 0.4509
21.1103, 0.4509
21.1237, 0.4509
21.1371, 0.4509
21.1504, 0.4509
21.1638, 0.4509
21.1772, 0.4509
21.1905, 0.4509
21.2039, 0.4509
21.2173, 0.4509
21.2307, 0.4509
21.244, 0.4509
21.2574, 0.4509
21.2708, 0.4509
21.2841, 0.4509
21.2974, 0.4509
21.3109, 0.4509
21.3243, 0.4509
21.3376, 0.4509
21.351, 0.4509
21.3644, 0.4509
21.3777, 0.4509
21.3911, 0.4509
21.4045, 0.4509
21.4179, 0.4509
21.4312, 0.4509
21.4445, 0.4509
21.458, 0.4509
21.4713, 0.4509
21.4847, 0.4509
21.4981, 0.451
21.5114, 0.451
21.5248, 0.451
21.5382, 0.451
21.5516, 0.451
21.5649, 0.451
21.5783, 0.451
21.5917, 0.451
21.605, 0.451
21.6183, 0.451
21.6318, 0.451
21.6452, 0.451
21.6585, 0.451
21.6719, 0.451
21.6853, 0.451
21.6985, 0.451
21.712, 0.451
21.7254, 0.451
21.7388, 0.451
21.7521, 0.451
21.7654, 0.451
21.7789, 0.451
21.7922, 0.451
21.8056, 0.451
21.819, 0.451
21.8324, 0.451
21.8457, 0.451
21.8591, 0.451
21.8725, 0.451
21.8858, 0.451
21.8992, 0.451
21.9125, 0.451
21.926, 0.451
21.9393, 0.4569
21.9527, 0.4569
21.9661, 0.4569
21.9794, 0.4569
21.9928, 0.4569
22.0062, 0.4569
22.0196, 0.4569
22.0329, 0.4569
22.0463, 0.4569
22.0597, 0.4569
22.073, 0.4569
22.0864, 0.4569
22.0998, 0.4569
22.1132, 0.4569
22.1265, 0.4569
22.1399, 0.4628
22.1533, 0.4628
22.1667, 0.4628
22.18, 0.4628
22.1934, 0.4628
22.2068, 0.4628
22.2201, 0.4628
22.2335, 0.4628
22.2469, 0.4628
22.2603, 0.4628
22.2736, 0.4687
22.287, 0.4687
22.3004, 0.4687
22.3136, 0.4687
22.3271, 0.4687
22.3405, 0.4687
22.3538, 0.4687
22.3672, 0.4687
22.3806, 0.4746
22.394, 0.4746
22.4073, 0.4746
22.4207, 0.4746
22.4341, 0.4746
22.4475, 0.4746
22.4607, 0.4746
22.4742, 0.4804
22.4876, 0.4804
22.501, 0.4804
22.5143, 0.4804
22.5276, 0.4804
22.5411, 0.4863
22.5544, 0.4863
22.5678, 0.4863
22.5812, 0.4863
22.5946, 0.4863
22.6078, 0.4863
22.6213, 0.4922
22.6347, 0.4922
22.648, 0.4922
22.6614, 0.4922
22.6747, 0.498
22.6882, 0.498
22.7015, 0.498
22.7149, 0.498
22.7283, 0.498
22.7417, 0.5039
22.755, 0.5039
22.7684, 0.5039
22.7818, 0.5039
22.7952, 0.5098
22.8085, 0.5156
22.8218, 0.5156
22.8353, 0.5156
22.8487, 0.5215
22.862, 0.5272
22.8754, 0.5332
22.8888, 0.539
22.9022, 0.5449
22.9155, 0.5507
22.9289, 0.5566
22.9423, 0.5625
22.9557, 0.5683
22.9691, 0.58
22.9824, 0.5859
22.9958, 0.5917
23.0092, 0.5976
23.0226, 0.5976
23.0359, 0.6034
23.0493, 0.6093
23.0627, 0.6152
23.0761, 0.621
23.0894, 0.6269
23.1028, 0.6327
23.1162, 0.6503
23.1296, 0.662
23.143, 0.6795
23.1564, 0.6971
23.1698, 0.7088
23.1832, 0.7264
23.1965, 0.7381
23.2099, 0.7556
23.2233, 0.7732
23.2367, 0.7849
23.2501, 0.8025
23.2635, 0.8142
23.2769, 0.8317
23.2903, 0.8493
23.3037, 0.861
23.317, 0.8786
23.3304, 0.8961
23.3437, 0.9137
23.3572, 0.9254
23.3706, 0.9428
23.384, 0.9605
23.3974, 0.9722
23.4108, 0.9839
23.4241, 0.9898
23.4375, 0.9956
23.4509, 1.0015
23.4643, 1.0015
23.4776, 1.0073
23.491, 1.0073
23.5044, 1.0074
23.5178, 1.0132
23.5311, 1.0191
23.5445, 1.0249
23.5579, 1.0308
23.5713, 1.0308
23.5846, 1.0366
23.5979, 1.0425
23.6114, 1.0483
23.6248, 1.0542
23.6381, 1.0601
23.6515, 1.0601
23.6649, 1.0659
23.6783, 1.0718
23.6917, 1.0776
23.705, 1.0776
23.7184, 1.0776
23.7318, 1.0776
23.745, 1.0776
23.7585, 1.0776
23.7719, 1.0776
23.7852, 1.0835
23.7986, 1.0835
23.812, 1.0835
23.8254, 1.0835
23.8387, 1.0835
23.8521, 1.0835
23.8655, 1.0835
23.8789, 1.0835
23.8921, 1.0835
23.9056, 1.0835
23.919, 1.0835
23.9323, 1.0835
23.9457, 1.0835
23.959, 1.0835
23.9725, 1.0894
23.9858, 1.0894
23.9992, 1.0894
24.0126, 1.0894
24.026, 1.0894
24.0393, 1.0894
24.0527, 1.0894
24.0661, 1.0894
24.0794, 1.0894
24.0928, 1.0894
24.1062, 1.0894
24.1195, 1.0894
24.1329, 1.0894
24.1463, 1.0894
24.1597, 1.0894
24.173, 1.0894
24.1864, 1.0894
24.1998, 1.0894
24.2131, 1.0894
24.2265, 1.0894
24.2399, 1.0836
24.2533, 1.0836
24.2666, 1.0836
24.28, 1.0836
24.2934, 1.0778
24.3067, 1.0778
24.3201, 1.0778
24.3335, 1.0719
24.3468, 1.0719
24.3602, 1.0719
24.3736, 1.0661
24.3869, 1.0661
24.4003, 1.0602
24.4137, 1.0602
24.427, 1.0544
24.4404, 1.0544
24.4538, 1.0485
24.4672, 1.0485
24.4805, 1.0427
24.4939, 1.0427
24.5072, 1.0368
24.5206, 1.0368
24.534, 1.031
24.5474, 1.031
24.5607, 1.0251
24.5741, 1.0251
24.5875, 1.0193
24.6008, 1.0193
24.6141, 1.0134
24.6276, 1.0076
24.6409, 1.0076
24.6543, 1.0018
24.6677, 0.9959
24.681, 0.9959
24.6944, 0.9901
24.7078, 0.9842
24.721, 0.9842
24.7345, 0.9784
24.7479, 0.9725
24.7612, 0.9725
24.7746, 0.9667
24.788, 0.9607
24.8013, 0.9607
24.8147, 0.955
24.8281, 0.9491
24.8414, 0.9491
24.8548, 0.9433
24.8681, 0.9374
24.8815, 0.9316
24.8949, 0.9316
24.9083, 0.9257
24.9216, 0.9199
24.935, 0.914
24.9484, 0.914
24.9617, 0.9082
24.975, 0.9022
24.9885, 0.8965
25.0018, 0.8965
25.0152, 0.8906
25.0286, 0.8848
25.0419, 0.8789
25.0553, 0.8731
25.0687, 0.8731
25.082, 0.8672
25.0954, 0.8614
25.1088, 0.8555
25.1221, 0.8497
25.1355, 0.8497
25.1489, 0.8439
25.1622, 0.838
25.1756, 0.8322
25.189, 0.8263
25.2023, 0.8263
25.2157, 0.8205
25.2291, 0.8146
25.2424, 0.8088
25.2558, 0.8029
25.2692, 0.8029
25.2825, 0.7971
25.2959, 0.7912
25.3092, 0.7854
25.3226, 0.7795
25.336, 0.7737
25.3493, 0.7737
25.3627, 0.7678
25.3761, 0.762
25.3894, 0.7561
25.4028, 0.7503
25.4162, 0.7444
25.4295, 0.7444
25.4429, 0.7386
25.4563, 0.7327
25.4696, 0.7269
25.483, 0.721
25.4964, 0.7151
25.5097, 0.7093
25.5231, 0.7093
25.5365, 0.7035
25.5497, 0.6976
25.5632, 0.6918
25.5766, 0.6859
25.5899, 0.6801
25.6033, 0.6742
25.6167, 0.6742
25.63, 0.6684
25.6434, 0.6625
25.6568, 0.6566
25.6701, 0.6508
25.6835, 0.645
25.6968, 0.6391
25.7102, 0.6333
25.7236, 0.6274
25.7368, 0.6216
25.7503, 0.6157
25.7637, 0.6099
25.777, 0.604
25.7904, 0.5981
25.8037, 0.5923
25.8171, 0.5865
25.8305, 0.5807
25.8439, 0.5748
25.8572, 0.569
25.8706, 0.5573
25.884, 0.5514
25.8973, 0.5455
25.9106, 0.5339
25.924, 0.528
25.9374, 0.5222
25.9508, 0.5163
25.9641, 0.5046
25.9775, 0.4988
25.9909, 0.4929
26.0042, 0.487
26.0176, 0.4754
26.0309, 0.4695
26.0443, 0.4637
26.0577, 0.4578
26.071, 0.452
26.0844, 0.4403
26.0977, 0.4344
26.1111, 0.4285
26.1245, 0.4227
26.1379, 0.4169
26.1512, 0.411
26.1646, 0.411
26.178, 0.4052
26.1913, 0.3993
26.2046, 0.3935
26.2181, 0.3935
26.2314, 0.3876
26.2448, 0.3818
26.2581, 0.3759
26.2715, 0.3759
26.2849, 0.37
26.2982, 0.3642
26.3115, 0.3642
26.325, 0.3584
26.3384, 0.3584
26.3517, 0.3525
26.3651, 0.3525
26.3785, 0.3467
26.3918, 0.3408
26.4052, 0.3408
26.4186, 0.335
26.4319, 0.335
26.4453, 0.3291
26.4586, 0.3291
26.472, 0.3291
26.4854, 0.3233
26.4988, 0.3233
26.5121, 0.3174
26.5255, 0.3175
26.5389, 0.3115
26.5522, 0.3115
26.5655, 0.3058
26.579, 0.3058
26.5924, 0.3058
26.6057, 0.2999
26.6191, 0.2999
26.6324, 0.2941
26.6458, 0.2941
26.6592, 0.2941
26.6726, 0.2882
26.6859, 0.2882
26.6993, 0.2882
26.7127, 0.2824
26.726, 0.2824
26.7393, 0.2824
26.7528, 0.2765
26.7661, 0.2765
26.7795, 0.2765
26.7929, 0.2765
26.8063, 0.2707
26.8195, 0.2707
26.833, 0.2707
26.8464, 0.2707
26.8597, 0.2707
26.8731, 0.2649
26.8864, 0.2649
26.8998, 0.2649
26.9132, 0.2649
26.9266, 0.2649
26.94, 0.2649
26.9533, 0.259
26.9667, 0.259
26.9801, 0.259
26.9933, 0.259
27.0068, 0.259
27.0202, 0.259
27.0335, 0.259
27.0469, 0.2532
27.0603, 0.2532
27.0737, 0.2532
27.087, 0.2532
27.1004, 0.2532
27.1138, 0.2532
27.1271, 0.2532
27.1405, 0.2532
27.1539, 0.2532
27.1673, 0.2532
27.1806, 0.2532
27.194, 0.2474
27.2074, 0.2474
27.2207, 0.2474
27.2341, 0.2474
27.2475, 0.2474
27.2608, 0.2474
27.2742, 0.2474
27.2876, 0.2474
27.301, 0.2474
27.3143, 0.2474
27.3277, 0.2474
27.3411, 0.2474
27.3544, 0.2474
27.3678, 0.2474
27.3812, 0.2474
27.3946, 0.2474
27.4079, 0.2474
27.4213, 0.2416
27.4346, 0.2416
27.448, 0.2416
27.4614, 0.2416
27.4748, 0.2416
27.4882, 0.2416
27.5015, 0.2416
27.5149, 0.2416
27.5283, 0.2416
27.5415, 0.2416
27.555, 0.2416
27.5684, 0.2416
27.5817, 0.2416
27.5951, 0.2416
27.6085, 0.2416
27.6219, 0.2416
27.6352, 0.2358
27.6486, 0.2358
27.662, 0.2358
27.6753, 0.2358
27.6886, 0.2358
27.7021, 0.2358
27.7155, 0.2358
27.7288, 0.2358
27.7422, 0.2358
27.7556, 0.2358
27.7689, 0.2299
27.7823, 0.2299
27.7957, 0.2299
27.809, 0.23
27.8224, 0.23
27.8357, 0.23
27.8492, 0.23
27.8625, 0.23
27.8759, 0.23
27.8893, 0.23
27.9026, 0.23
27.916, 0.23
27.9294, 0.2241
27.9428, 0.2241
27.9561, 0.2241
27.9695, 0.2241
27.9828, 0.2241
27.9962, 0.2241
28.0096, 0.2241
28.023, 0.2241
28.0364, 0.2241
28.0497, 0.2242
28.0631, 0.2242
28.0765, 0.2242
28.0898, 0.2242
28.1032, 0.2183
28.1166, 0.2183
28.1299, 0.2183
28.1433, 0.2183
28.1567, 0.2183
28.1701, 0.2183
28.1834, 0.2183
28.1968, 0.2183
28.2102, 0.2183
28.2235, 0.2183
28.2368, 0.2183
28.2503, 0.2183
28.2637, 0.2183
28.277, 0.2183
28.2904, 0.2125
28.3038, 0.2125
28.3171, 0.2125
28.3305, 0.2125
28.3439, 0.2125
28.3572, 0.2125
28.3706, 0.2125
28.384, 0.2125
28.3974, 0.2125
28.4107, 0.2125
28.4241, 0.2125
28.4375, 0.2125
28.4508, 0.2125
28.4642, 0.2125
28.4776, 0.2067
28.491, 0.2067
28.5043, 0.2067
28.5177, 0.2067
28.5311, 0.2067
28.5444, 0.2067
28.5577, 0.2067
28.5712, 0.2067
28.5846, 0.2067
28.5979, 0.2067
28.6113, 0.2067
28.6247, 0.2067
28.638, 0.2067
28.6514, 0.2067
28.6648, 0.2067
28.6781, 0.2009
28.6915, 0.2009
28.7048, 0.2009
28.7183, 0.2009
28.7316, 0.2009
28.745, 0.2009
28.7584, 0.2009
28.7717, 0.2009
28.7851, 0.2009
28.7985, 0.2009
28.8119, 0.2009
28.8252, 0.2009
28.8386, 0.2009
28.8519, 0.2009
28.8653, 0.2009
28.8787, 0.2009
28.8921, 0.1951
28.9054, 0.1951
28.9188, 0.1951
28.9322, 0.1951
28.9456, 0.1951
28.9588, 0.1951
28.9723, 0.1951
28.9857, 0.1951
28.999, 0.1951
29.0124, 0.1951
29.0258, 0.1951
29.0392, 0.1951
29.0525, 0.1951
29.0659, 0.1951
29.0793, 0.1951
29.0926, 0.1951
29.106, 0.1951
29.1194, 0.1893
29.1328, 0.1893
29.1461, 0.1893
29.1595, 0.1893
29.1729, 0.1893
29.1862, 0.1893
29.1996, 0.1893
29.213, 0.1893
29.2264, 0.1893
29.2397, 0.1893
29.253, 0.1893
29.2665, 0.1893
29.2798, 0.1893
29.2932, 0.1893
29.3066, 0.1893
29.32, 0.1893
29.3333, 0.1893
29.3467, 0.1893
29.3601, 0.1835
29.3734, 0.1835
29.3868, 0.1835
29.4002, 0.1835
29.4135, 0.1835
29.4269, 0.1835
29.4403, 0.1835
29.4537, 0.1835
29.467, 0.1835
29.4804, 0.1835
29.4938, 0.1835
29.507, 0.1835
29.5205, 0.1835
29.5339, 0.1835
29.5473, 0.1835
29.5606, 0.1835
29.5739, 0.1835
29.5874, 0.1835
29.6007, 0.1835
29.6141, 0.1777
29.6275, 0.1777
29.6408, 0.1777
29.6542, 0.1777
29.6676, 0.1777
29.681, 0.1777
29.6943, 0.1777
29.7077, 0.1777
29.721, 0.1777
29.7344, 0.1777
29.7478, 0.1777
29.7612, 0.1777
29.7746, 0.1777
29.7879, 0.1777
29.8013, 0.1777
29.8147, 0.1777
29.8279, 0.1777
29.8414, 0.1777
29.8548, 0.1777
29.8681, 0.1777
29.8815, 0.1777
29.8949, 0.1777
29.9083, 0.1777
29.9216, 0.1777
29.935, 0.1719
29.9484, 0.1719
29.9617, 0.1719
29.975, 0.1719
29.9885, 0.1719
30.0019, 0.1719
30.0152, 0.1719
30.0286, 0.1719
30.042, 0.1719
30.0553, 0.1719
30.0687, 0.1719
30.0821, 0.1719
30.0955, 0.1719
30.1088, 0.1719
30.1222, 0.1719
30.1356, 0.1719
30.1489, 0.1719
30.1623, 0.1719
30.1757, 0.1719
30.1891, 0.172
30.2024, 0.1778
30.2158, 0.1778
30.2292, 0.1778
30.2426, 0.1778
30.2559, 0.1778
30.2692, 0.1778
30.2827, 0.1837
30.296, 0.1837
30.3094, 0.1837
30.3228, 0.1837
30.3362, 0.1837
30.3495, 0.1895
30.3629, 0.1895
30.3763, 0.1895
30.3896, 0.1896
30.403, 0.1954
30.4163, 0.1954
30.4298, 0.1954
30.4431, 0.1954
30.4565, 0.2013
30.4699, 0.2013
30.4833, 0.2013
30.4966, 0.2071
30.51, 0.2071
30.5234, 0.2071
30.5368, 0.213
30.5501, 0.213
30.5635, 0.213
30.5769, 0.2189
30.5901, 0.2189
30.6036, 0.2247
30.617, 0.2247
30.6303, 0.2247
30.6437, 0.2306
30.6571, 0.2306
30.6705, 0.2306
30.6839, 0.2364
30.6972, 0.2364
30.7106, 0.2364
30.724, 0.2423
30.7374, 0.2423
30.7507, 0.2423
30.7641, 0.2423
30.7774, 0.2482
30.7908, 0.2482
30.8042, 0.2482
30.8176, 0.2482
30.831, 0.2482
30.8443, 0.254
30.8577, 0.254
30.8711, 0.254
30.8845, 0.254
30.8978, 0.254
30.9112, 0.2599
30.9245, 0.2599
30.9379, 0.2599
30.9513, 0.2599
30.9647, 0.2658
30.9781, 0.2658
30.9914, 0.2658
31.0048, 0.2658
31.0182, 0.2658
31.0316, 0.2716
31.0449, 0.2716
31.0583, 0.2716
31.0717, 0.2716
31.085, 0.2775
31.0984, 0.2775
31.1118, 0.2775
31.1252, 0.2775
31.1385, 0.2833
31.1519, 0.2833
31.1653, 0.2833
31.1787, 0.2833
31.192, 0.2833
31.2054, 0.2892
31.2187, 0.2892
31.2321, 0.2892
31.2455, 0.2892
31.2589, 0.2951
31.2723, 0.2951
31.2856, 0.2951
31.299, 0.2951
31.3124, 0.3009
31.3258, 0.3009
31.3391, 0.301
31.3525, 0.301
31.3659, 0.3068
31.3792, 0.3068
31.3926, 0.3068
31.406, 0.3127
31.4194, 0.3127
31.4327, 0.3127
31.4461, 0.3127
31.4595, 0.3185
31.4729, 0.3185
31.4862, 0.3185
31.4996, 0.3185
31.513, 0.3244
31.5264, 0.3244
31.5396, 0.3244
31.5531, 0.3303
31.5665, 0.3303
31.5798, 0.3303
31.5932, 0.3303
31.6066, 0.3361
31.62, 0.3361
31.6333, 0.3361
31.6467, 0.342
31.6601, 0.342
31.6735, 0.342
31.6867, 0.3477
31.7002, 0.3477
31.7136, 0.3479
31.7269, 0.3537
31.7403, 0.3537
31.7537, 0.3537
31.7671, 0.3537
31.7804, 0.3596
31.7938, 0.3596
31.8072, 0.3654
31.8206, 0.3654
31.8338, 0.3654
31.8473, 0.3713
31.8607, 0.3713
31.874, 0.3713
31.8874, 0.3772
31.9008, 0.3772
31.9142, 0.3772
31.9276, 0.383
31.9409, 0.383
31.9543, 0.383
31.9677, 0.383
31.9809, 0.3889
31.9944, 0.3889
32.0078, 0.3889
32.0212, 0.3889
32.0345, 0.3889
32.0479, 0.3889
32.0613, 0.3889
32.0746, 0.3889
32.088, 0.3889
32.1014, 0.3948
32.1148, 0.3948
32.128, 0.3948
32.1415, 0.3948
32.1549, 0.3948
32.1682, 0.3948
32.1816, 0.3948
32.195, 0.3948
32.2084, 0.3948
32.2217, 0.3948
32.2351, 0.3948
32.2485, 0.3948
32.2618, 0.3948
32.2752, 0.3948
32.2886, 0.3948
32.302, 0.3948
32.3153, 0.3948
32.3287, 0.3948
32.3421, 0.3948
32.3554, 0.3948
32.3688, 0.3948
32.3822, 0.3948
32.3956, 0.3948
32.4089, 0.3948
32.4223, 0.3948
32.4357, 0.389
32.449, 0.389
32.4624, 0.389
32.4758, 0.389
32.4892, 0.389
32.5025, 0.389
32.5159, 0.389
32.5293, 0.389
32.5426, 0.3831
32.556, 0.3832
32.5694, 0.3832
32.5827, 0.3832
32.596, 0.3832
32.6095, 0.3832
32.6229, 0.3773
32.6362, 0.3773
32.6496, 0.3773
32.663, 0.3773
32.6763, 0.3773
32.6897, 0.3715
32.7031, 0.3715
32.7164, 0.3715
32.7298, 0.3715
32.7431, 0.3715
32.7565, 0.3656
32.7699, 0.3656
32.7833, 0.3656
32.7967, 0.3656
32.81, 0.3598
32.8234, 0.3598
32.8368, 0.3598
32.85, 0.3598
32.8635, 0.354
32.8769, 0.354
32.8902, 0.354
32.9036, 0.354
32.917, 0.3481
32.9304, 0.3481
32.9437, 0.3481
32.9571, 0.3481
32.9705, 0.3423
32.9838, 0.3423
32.9971, 0.3423
33.0106, 0.3423
33.0239, 0.3364
33.0373, 0.3364
33.0507, 0.3364
33.064, 0.3306
33.0774, 0.3306
33.0908, 0.3306
33.1042, 0.3306
33.1175, 0.3248
33.1309, 0.3248
33.1443, 0.3248
33.1576, 0.3189
33.171, 0.3189
33.1844, 0.3189
33.1977, 0.3131
33.2111, 0.3131
33.2245, 0.3131
33.2378, 0.3072
33.2511, 0.3072
33.2646, 0.3072
33.278, 0.3072
33.2913, 0.3014
33.3047, 0.3014
33.3181, 0.3014
33.3314, 0.2955
33.3448, 0.2955
33.3582, 0.2955
33.3715, 0.2897
33.3849, 0.2897
33.3982, 0.2897
33.4116, 0.2839
33.425, 0.2839
33.4384, 0.2839
33.4518, 0.278
33.4651, 0.278
33.4785, 0.278
33.4919, 0.2722
33.5051, 0.2722
33.5186, 0.2722
33.532, 0.2722
33.5453, 0.2663
33.5587, 0.2663
33.5721, 0.2663
33.5854, 0.2605
33.5988, 0.2605
33.6122, 0.2605
33.6256, 0.2605
33.6389, 0.2546
33.6522, 0.2546
33.6657, 0.2546
33.679, 0.2546
33.6924, 0.2488
33.7058, 0.2488
33.7191, 0.2488
33.7325, 0.2488
33.7459, 0.2429
33.7593, 0.2429
33.7726, 0.2429
33.786, 0.2429
33.7993, 0.2371
33.8127, 0.2371
33.826, 0.2371
33.8395, 0.2371
33.8528, 0.2313
33.8662, 0.2313
33.8796, 0.2313
33.893, 0.2313
33.9062, 0.2254
33.9197, 0.2254
33.9331, 0.2254
33.9464, 0.2254
33.9598, 0.2254
33.9731, 0.2196
33.9865, 0.2196
33.9999, 0.2196
34.0133, 0.2196
34.0267, 0.2196
34.04, 0.2138
34.0534, 0.2138
34.0668, 0.2138
34.0801, 0.2138
34.0935, 0.2138
34.1069, 0.2138
34.1202, 0.2079
34.1336, 0.2079
34.147, 0.2079
34.1604, 0.2079
34.1737, 0.2079
34.1871, 0.2079
34.2005, 0.2021
34.2138, 0.2021
34.2272, 0.2021
34.2406, 0.2021
34.2539, 0.2021
34.2673, 0.2021
34.2807, 0.1963
34.2941, 0.1963
34.3074, 0.1963
34.3208, 0.1963
34.3342, 0.1963
34.3475, 0.1963
34.3609, 0.1963
34.3743, 0.1963
34.3876, 0.1904
34.401, 0.1904
34.4144, 0.1904
34.4278, 0.1904
34.4411, 0.1904
34.4545, 0.1904
34.4679, 0.1904
34.4812, 0.1904
34.4946, 0.1905
34.508, 0.1905
34.5213, 0.1905
34.5347, 0.1846
34.5481, 0.1846
34.5615, 0.1846
34.5748, 0.1846
34.5882, 0.1846
34.6016, 0.1846
34.6149, 0.1846
34.6282, 0.1846
34.6417, 0.1846
34.6551, 0.1846
34.6684, 0.1846
34.6818, 0.1846
34.6952, 0.1846
34.7085, 0.1846
34.7219, 0.1847
34.7353, 0.1847
34.7487, 0.1847
34.762, 0.1847
34.7753, 0.1847
34.7888, 0.1847
34.8021, 0.1847
34.8155, 0.1847
34.8289, 0.1847
34.8423, 0.1847
34.8556, 0.1847
34.869, 0.1847
34.8824, 0.1847
34.8957, 0.1847
34.9091, 0.1847
34.9224, 0.1847
34.9359, 0.1847
34.9492, 0.1847
34.9626, 0.1847
34.976, 0.1847
34.9893, 0.1847
35.0027, 0.1847
35.0161, 0.1847
35.0295, 0.1847
35.0428, 0.1847
35.0562, 0.1847
35.0695, 0.1847
35.0829, 0.1847
35.0963, 0.1847
35.1097, 0.1847
35.1231, 0.1847
35.1364, 0.1847
35.1498, 0.1847
35.1632, 0.1847
35.1764, 0.1847
35.1899, 0.1848
35.2033, 0.1848
35.2167, 0.1848
35.23, 0.1848
35.2434, 0.1848
35.2568, 0.1848
35.2701, 0.1848
35.2835, 0.1848
35.2969, 0.1848
35.3103, 0.1848
35.3235, 0.1848
35.337, 0.1848
35.3504, 0.1848
35.3637, 0.1848
35.3771, 0.1848
35.3905, 0.1848
35.4039, 0.1907
35.4172, 0.1907
35.4306, 0.1907
35.444, 0.1907
35.4573, 0.1907
35.4707, 0.1907
35.4841, 0.1907
35.4975, 0.1907
35.5108, 0.1907
35.5242, 0.1907
35.5375, 0.1907
35.5509, 0.1907
35.5643, 0.1907
35.5777, 0.1907
35.5911, 0.1907
35.6044, 0.1907
35.6178, 0.1907
35.6312, 0.1907
35.6444, 0.1966
35.6579, 0.1966
35.6713, 0.1966
35.6846, 0.1966
35.698, 0.1966
35.7114, 0.1966
35.7248, 0.1966
35.7381, 0.1966
35.7515, 0.1966
35.7649, 0.1966
35.7783, 0.1966
35.7915, 0.1966
35.805, 0.1966
35.8184, 0.1966
35.8317, 0.1966
35.8451, 0.1966
35.8585, 0.2025
35.8719, 0.2025
35.8852, 0.2025
35.8986, 0.2025
35.912, 0.2025
35.9253, 0.2025
35.9386, 0.2025
35.9521, 0.2025
35.9655, 0.2083
35.9788, 0.2083
35.9922, 0.2083
36.0056, 0.2083
36.019, 0.2083
36.0323, 0.2083
36.0457, 0.2083
36.0591, 0.2084
36.0724, 0.2084
36.0858, 0.2084
36.0992, 0.2084
36.1126, 0.2142
36.1259, 0.2142
36.1393, 0.2142
36.1527, 0.2142
36.166, 0.2142
36.1794, 0.2142
36.1928, 0.2142
36.2062, 0.2142
36.2195, 0.2142
36.2328, 0.2142
36.2463, 0.2142
36.2596, 0.2142
36.273, 0.2143
36.2864, 0.2143
36.2998, 0.2143
36.3131, 0.2143
36.3265, 0.2143
36.3399, 0.2143
36.3532, 0.2143
36.3666, 0.2143
36.38, 0.2143
36.3934, 0.2143
36.4067, 0.2143
36.4201, 0.2143
36.4335, 0.2143
36.4468, 0.2143
36.4602, 0.2143
36.4736, 0.2143
36.487, 0.2143
36.5003, 0.2143
36.5137, 0.2143
36.5271, 0.2143
36.5404, 0.2143
36.5537, 0.2143
36.5672, 0.2143
36.5805, 0.2143
36.5939, 0.2143
36.6073, 0.2143
36.6207, 0.2143
36.634, 0.2143
36.6474, 0.2143
36.6608, 0.2143
36.6741, 0.2143
36.6875, 0.2143
36.7008, 0.2143
36.7143, 0.2143
36.7276, 0.2144
36.741, 0.2144
36.7544, 0.2144
36.7677, 0.2144
36.7811, 0.2144
36.7945, 0.2144
36.8079, 0.2144
36.8212, 0.2144
36.8346, 0.2144
36.8479, 0.2144
36.8613, 0.2144
36.8747, 0.2144
36.8881, 0.2144
36.9015, 0.2144
36.9148, 0.2144
36.9282, 0.2144
36.9416, 0.2144
36.9548, 0.2144
36.9683, 0.2144
36.9817, 0.2144
36.995, 0.2144
37.0084, 0.2144
37.0218, 0.2144
37.0352, 0.2086
37.0485, 0.2086
37.0619, 0.2086
37.0753, 0.2086
37.0886, 0.2086
37.102, 0.2086
37.1154, 0.2086
37.1288, 0.2086
37.1421, 0.2086
37.1555, 0.2086
37.1689, 0.2027
37.1822, 0.2027
37.1956, 0.2027
37.209, 0.2028
37.2224, 0.2028
37.2357, 0.2028
37.249, 0.2028
37.2625, 0.2028
37.2758, 0.1969
37.2892, 0.1969
37.3026, 0.1969
37.3159, 0.1969
37.3293, 0.1969
37.3427, 0.1969
37.3561, 0.1969
37.3694, 0.1911
37.3828, 0.1911
37.3961, 0.1911
37.4095, 0.1911
37.4229, 0.1911
37.4363, 0.1911
37.4497, 0.1911
37.463, 0.1853
37.4764, 0.1853
37.4898, 0.1853
37.503, 0.1853
37.5165, 0.1853
37.5299, 0.1853
37.5432, 0.1794
37.5566, 0.1794
37.5699, 0.1794
37.5834, 0.1794
37.5967, 0.1794
37.6101, 0.1794
37.6235, 0.1736
37.6368, 0.1736
37.6502, 0.1736
37.6636, 0.1736
37.6768, 0.1736
37.6903, 0.1677
37.7037, 0.1677
37.717, 0.1678
37.7304, 0.1678
37.7438, 0.1678
37.7572, 0.1619
37.7705, 0.1619
37.7839, 0.1619
37.7973, 0.1619
37.8106, 0.1619
37.8239, 0.1561
37.8374, 0.1561
37.8508, 0.1561
37.8641, 0.1561
37.8775, 0.1502
37.8909, 0.1502
37.9042, 0.1502
37.9176, 0.1502
37.931, 0.1444
37.9443, 0.1444
37.9577, 0.1444
37.971, 0.1444
37.9844, 0.1385
37.9978, 0.1386
38.0112, 0.1386
38.0246, 0.1386
38.0379, 0.1327
38.0513, 0.1327
38.0647, 0.1327
38.078, 0.1327
38.0914, 0.1327
38.1048, 0.1327
38.1181, 0.1269
38.1315, 0.1269
38.1449, 0.1269
38.1583, 0.1269
38.1716, 0.1269
38.185, 0.1269
38.1984, 0.121
38.2117, 0.121
38.2251, 0.121
38.2385, 0.121
38.2518, 0.1211
38.2652, 0.1211
38.2786, 0.1152
38.292, 0.1152
38.3053, 0.1152
38.3187, 0.1152
38.3321, 0.1152
38.3454, 0.1152
38.3588, 0.1152
38.3721, 0.1094
38.3855, 0.1094
38.3989, 0.1094
38.4123, 0.1094
38.4257, 0.1094
38.439, 0.1094
38.4524, 0.1094
38.4658, 0.1094
38.4791, 0.1035
38.4925, 0.1035
38.5059, 0.1035
38.5192, 0.1036
38.5326, 0.1036
38.546, 0.1036
38.5594, 0.1036
38.5727, 0.1036
38.5861, 0.0977
38.5995, 0.0977
38.6128, 0.0977
38.6261, 0.0977
38.6396, 0.0977
38.653, 0.0977
38.6663, 0.0977
38.6797, 0.0977
38.6931, 0.0977
38.7064, 0.0919
38.7198, 0.0919
38.7332, 0.0919
38.7466, 0.0919
38.7599, 0.0919
38.7732, 0.0919
38.7867, 0.0919
38.8, 0.0919
38.8134, 0.0919
38.8268, 0.0861
38.8401, 0.0861
38.8535, 0.0861
38.8669, 0.0861
38.8803, 0.0861
38.8936, 0.0861
38.907, 0.0861
38.9203, 0.0861
38.9337, 0.0861
38.9471, 0.0861
38.9605, 0.0861
38.9738, 0.0802
38.9872, 0.0802
39.0006, 0.0802
39.014, 0.0803
39.0273, 0.0803
39.0407, 0.0803
39.0541, 0.0803
39.0674, 0.0803
39.0808, 0.0803
39.0942, 0.0803
39.1076, 0.0803
39.1209, 0.0803
39.1343, 0.0803
39.1477, 0.0744
39.161, 0.0744
39.1743, 0.0744
39.1878, 0.0744
39.2012, 0.0744
39.2145, 0.0744
39.2279, 0.0744
39.2413, 0.0744
39.2546, 0.0745
39.268, 0.0745
39.2814, 0.0745
39.2948, 0.0745
39.3081, 0.0745
39.3215, 0.0745
39.3349, 0.0686
39.3482, 0.0686
39.3616, 0.0686
39.375, 0.0686
39.3883, 0.0686
39.4017, 0.0686
39.4151, 0.0686
39.4285, 0.0686
39.4418, 0.0686
39.4552, 0.0686
39.4686, 0.0686
39.4819, 0.0687
39.4953, 0.0687
39.5087, 0.0687
39.5221, 0.0687
39.5354, 0.0687
39.5488, 0.0628
39.5622, 0.0628
39.5755, 0.0628
39.5889, 0.0628
39.6023, 0.0628
39.6156, 0.0628
39.629, 0.0628
39.6423, 0.0628
39.6558, 0.0628
39.6691, 0.0628
39.6825, 0.0628
39.6959, 0.0628
39.7092, 0.0628
39.7226, 0.0629
39.736, 0.0629
39.7494, 0.0629
39.7627, 0.0629
39.7761, 0.0629
39.7894, 0.057
39.8028, 0.057
39.8162, 0.057
39.8296, 0.057
39.843, 0.057
39.8563, 0.057
39.8697, 0.057
39.8831, 0.057
39.8963, 0.057
39.9098, 0.057
39.9232, 0.057
39.9365, 0.057
39.9499, 0.057
39.9633, 0.0571
39.9767, 0.0571
39.99, 0.0512
40.0034, 0.0512
40.0034, 0.0512
